Year,Forest,Cropland,Urban,Water,Bare Land,Data Source,Notes
2015,62.0,25.0,3.0,8.0,2.0,Synthetic (based on FAO/World Bank documented rates),Synthetic data based on documented FAO/World Bank deforestation rates (~0.7%/year)
2016,61.50818230862989,25.35116990029372,3.102084041001458,8.000479549223728,2.0380842008511997,Synthetic (based on FAO/World Bank documented rates),Synthetic data based on documented FAO/World Bank deforestation rates (~0.7%/year)
2017,61.01231417053854,25.703922587871403,3.2072237976200393,7.999916487981085,2.076622955988947,Synthetic (based on FAO/World Bank documented rates),Synthetic data based on documented FAO/World Bank deforestation rates (~0.7%/year)
2018,60.5124569927034,26.058144462890898,3.3154894942153983,7.998297823617853,2.1156112265724563,Synthetic (based on FAO/World Bank documented rates),Synthetic data based on documented FAO/World Bank deforestation rates (~0.7%/year)
2019,60.00867562626555,26.413717965093014,3.426951929425196,7.99561097701568,2.1550435022005545,Synthetic (based on FAO/World Bank documented rates),Synthetic data based on documented FAO/World Bank deforestation rates (~0.7%/year)
2020,59.50103838953689,26.77052158556968,3.5416824273890626,7.991843805582811,2.1949137919215636,Synthetic (based on FAO/World Bank documented rates),Synthetic data based on documented FAO/World Bank deforestation rates (~0.7%/year)
2021,58.989617086672894,27.128429885125538,3.659752786230011,7.98698462629462,2.2352156156769323,Synthetic (based on FAO/World Bank documented rates),Synthetic data based on documented FAO/World Bank deforestation rates (~0.7%/year)
2022,58.47448702182191,27.487313519447866,3.7812352237778,7.981022238738303,2.275941996214122,Synthetic (based on FAO/World Bank documented rates),Synthetic data based on documented FAO/World Bank deforestation rates (~0.7%/year)
2023,57.95572700856584,27.847039271290093,3.9062023205253142,7.9739459481142765,2.3170854515044876,Synthetic (based on FAO/World Bank documented rates),Synthetic data based on documented FAO/World Bank deforestation rates (~0.7%/year)
